timestamp,time,author,message
1596789179460667,8:49,Ali Mgcina,now you will hear the truth
1596789244904883,9:31,Ditaba T. V,so the Zondo commission is still on. True Molato gao boli
1596789304350563,10:30,Ditaba T. V,so the Zondo commission is still on. True Molato gao boli
1596789393262938,11:59,Lekgetho Baholo,"did I hear correctly, the man admits to have being doing business with government while he was the official of government?:chillwdog:"
1596790357841745,21:03,Inspiration Afri,???
1596790366149679,21:11,Penny Silima,Remember according to Ace Magashule there is nothing wrong to do business with the government while you're a leader or official of the state üòâ
1596790836771649,28:59,Sekgololo Johannes,Duduzane became a Billionaire while his father was in office through government tenders via the Guptas. This country is not going to heal anytime soon.
1596790901686979,30:06,dennis oldude,Pricing is like the cost of a new car - How much will the suckers pay? never mind cost plus margin
1596790915629975,30:19,ÿ≥ŸÑ€åŸÖŸá ŸÖ,ÿ≥ŸÑÿßŸÖ ÿß€åŸÜÿ¨ÿß ⁄©ÿ¨ÿßÿ≥ÿ™ÿü
1596791175135110,34:38,Hendrick Mathebula,:washhands:
1596791278577839,36:22,hawa hawa,:yougotthis::socialdist::yougotthis::socialdist::oops::yougotthis::learning:‚Äê
1596791424407720,38:47,khoabane mokoena,when dis people ar going to be arrested coz the evidence is thr
1596791502288345,40:05,ÿ≥ŸÑ€åŸÖŸá ŸÖ,ŸÅÿßÿ±ÿ≥€å ÿ®ŸÑÿØ ŸÜ€åÿ≥ÿ™€åÿØ
1596791723159678,43:48,Ruan Niemann,touched the files on their studio?
1596791743436630,44:07,Davina Cutchall,howsbthe weather?
1596791835951587,45:39,Hakim Muhammad Arslan Bashir,freedom for Kashmir
1596791877353488,46:21,Davina Cutchall,i am confused to politics of here. according to school and tv we are somewhat civil.
1596791915482324,46:59,Davina Cutchall,trying to convince me i am deaf dumb and blind.
1596791978185602,48:02,Davina Cutchall,seemed very real. how come no other hairy multiple legged monsters are around need support group
1596792735836502,1:00:39,Zakhele Tshabalala,SO THIS HAS TURNED INTO A RADIOSTATION
1596793079236686,1:06:21,Nerisa Poonan,my LASIZWE voice: my eyes are not deaf
1596793338222277,1:10:42,Kgotso Mpete,"morning guys, who is this guy testifying today, i hear that he is a businessman. what type of work was he doing at free state?"
1596793365199609,1:11:08,Thabang Mohale,evening guys
1596793540181640,1:14:04,Abel Matshidiso,"@Kgotso Mpete he is my brother, was contracted by human settlements department to remove asbestos"
1596793635933045,1:15:39,Kgotso Mpete,"@Abel Matshediso, ok noted"
1596793699783374,1:16:43,Thembalethu Dladla,:yt:Hi fellow South Africans. us this guy making sense or there's something missingü§î
1596793867141614,1:19:31,Makabongwe Mgubela,The current presenter and the expert earlier in the week is the same but differ with the approach to do assessment.
1596793872299116,1:19:36,NONDUMISO Mthembu,Mr Manyike
1596794016287941,1:22:00,Makabongwe Mgubela,What happens here is that corrupt people worked with those knows the job so that they can beef up their corrupt activities and succeed in their looting.
1596794029617274,1:22:13,Bill West,what has this verbiage garbage got to do to bring the anc criminals and guptas to book?
1596794186880872,1:24:51,Singiyan 10 Murliganj,:washhands::washhands:
1596794321798575,1:27:05,Nicollette Ferguson,Explain we are listening.
1596794438505895,1:29:03,Heinz,some body is going to take his watch when he gets outside
1596794472304540,1:29:37,Khadeeja Saharish,üòÅ
1596794500023881,1:30:03,Progress Ndungunye,its too much aced
1596794503967365,1:30:08,Obvious Mathonsi,ü§îü§îü§îü§î
1596794509436004,1:30:14,Khadeeja Saharish,:elbowcough:
1596794544983994,1:30:47,Abel Matshidiso,@Heinz definitely his employees that never get paid
1596794547855414,1:30:52,Khadeeja Saharish,s ur right
1596794549223122,1:30:53,Muskan islam,:socialdist:
1596794550010506,1:30:54,Nicollette Ferguson,what? anyone?
1596794584857267,1:31:29,Khadeeja Saharish,yyaaa yyaa correct
1596794589922954,1:31:33,Nicollette Ferguson,an engineer... but you said grade 10
1596794598047683,1:31:42,Peter Lukas,hahaha really
1596794605351387,1:31:49,mike molefe,more like running out of lies!
1596794612565278,1:31:56,Akhonamandla Gala,true David
1596794719289972,1:33:42,Parveen Kumar Mistri,mm
1596794749254081,1:34:13,YapYap Dotcom,Nice Rolex
1596794754358150,1:34:17,Nicollette Ferguson,body language
1596794767895746,1:34:31,Heinz,its going away
1596794791718734,1:34:56,Martin van der Breggen,if he swallows any more out of guilt he will be swallowing the mic
1596794792972353,1:34:57,Khadeeja Saharish,mmh
1596794798256797,1:35:01,Barbara Sattler,nobody wears a watch anymore
1596794814890173,1:35:18,Khadeeja Saharish,yyaa its going...
1596794834989524,1:35:38,Khadeeja Saharish,yah thats correct
1596794872540345,1:36:17,Brian,33 Mill PROFIT on 44 Mill quote! WOW!!!
1596794898536105,1:36:41,Martin van der Breggen,@brian - it needs to be shared to all the cadres
1596794907879465,1:36:53,Barbara Sattler,15mill profit
1596794924881245,1:37:09,Nicollette Ferguson,ü§£ü§£
1596794962297658,1:37:45,Mncedisi Mthethwa,I just want only one contract then I can go back to my daily hustle
1596794968022645,1:37:51,Heinz,Can I get a JOB like that ?
1596794973289330,1:37:57,Brian,Nope. He said 33 Mill and expense +_ 10 mill
1596794996771615,1:38:20,Mncedisi Mthethwa,R15M is more than enough for me chair.
1596795008305411,1:38:32,Makabongwe Mgubela,"It is clear here that the Mr Manyike knows the work, but was overpower by corrupt mentality. He was part of those who cut corners to benefit from this project."
1596795016435231,1:38:40,Andrew Mboweni,"I wish the president appointed Advocate Thuli Mandonsela to chair the inquiry into the covid19 investigation rather RONALD LAMOLA,we need a clean government integrity and accountability to state spend"
1596795047188130,1:39:11,Nicollette Ferguson,"Show us the balance sheets, and do a forensic audit !!"
1596795059590081,1:39:23,Brian,He said his own profit was R15mill and he didn't even cringe?
1596795060307799,1:39:23,Martin van der Breggen,"@andrew - totally agree, its almost like asking prisoners to look after themselves"
1596795096521115,1:40:00,Andrew Mboweni,"we cant have ANC investigating ANC it is truelly like throwing a pig into a mud pit expecting it to be clean ,that is nonsensical"
1596795136489735,1:40:40,Quinton Ndzinisa,u are right Andrew Mboweni. Thulie Madonsela would have acted without fear or favor
1596795143552761,1:40:47,Brian,I want to be the middle man!
1596795151740243,1:40:56,Nicollette Ferguson,I agree with you Andrew
1596795205072656,1:41:48,Mncedisi Mthethwa,Yoh this guy is about to spill the beans on Mastertrade
1596795251760149,1:42:36,Andrew Mboweni,"if cyril ramaphosa is serious about corruption people of south africa are watching and time will tell if there was a change in governance ,people from alexandra wake up to go to work in sandton"
1596795254678959,1:42:38,Brian,There goes Mastertrade - thrown under the bus
1596795289325266,1:43:13,Elijah Raj {OFFICIAL},TN u
1596795376140569,1:44:38,Andrew Mboweni,the reason most of people work in sandton it is because since 1994 the ANC Produced businessman are self feeding themselves while hard working white south african are helping us more the ANC
1596795379128343,1:44:43,Mncedisi Mthethwa,"'Social Facilitator"" this role is very interesting chair"
1596795394542072,1:44:57,Brian,A Social Facilitator = JZ's boeta
1596795403774974,1:45:07,Godfrey Mama,"@Andrew not for ""Gomora"" only the entire Country."
1596795476486329,1:46:20,Xolile Titus,yhoo now social facilitation is about taking of politics. ü§îü§î
1596795481145720,1:46:25,Mncedisi Mthethwa,"Where can I apply for being a ""Social Facilitator"" to make up to R15M profit"
1596795486845076,1:46:30,Andrew Mboweni,"Most of south african citizens have their trust on our white fellow citizens they are very helpful and caring than the ANC led government ,our government failed us and we lost confidence in them"
1596795540145955,1:47:24,warren madzima,and he says Eeyü§£ü§£ü§£ü§£ I died ü§£ü§£ü§£
1596795597104593,1:48:21,Makabongwe Mgubela,Social facilitator is nonsense created by government people to benefit from tenders nothing else.
1596795612258229,1:48:36,Thabiso Mbhele,Stop scoring own goals Mr...
1596795624833493,1:48:48,Luthando Xhamlayo,"This man is too honest, just like Brian Molefe. He will be crying very soon. This kind of honesty is dangerous in politics."
1596795629546924,1:48:52,Thabang Mohale,cartels
1596795645963712,1:49:09,Andrew Mboweni,"south africans must wake up now and be serious about leaders who steals from 1994 to 2020 this is a shame on the poor ,they drive fancy cars and they live in upmarket property and they do not care"
1596795652478710,1:49:16,Mncedisi Mthethwa,I'm afraid he will never gets any tenders from government
1596795677303902,1:49:41,Dheeraj,hi
1596795689781193,1:49:53,Sunny Shuku,Mr Zondo doing his great job but no actions has been taken so far. I found these Manyike is shifting a blame to other we need to arrest them all whether is defending himself or not
1596795704434592,1:50:08,Brian,High level social facilitator??
1596795719736552,1:50:23,Makabongwe Mgubela,His honesty is needed as we know lot of people who are connected they benefit like that through these tenders.
1596795731066495,1:50:35,Fortune Mhlanga,Social facilitator!
1596795737064644,1:50:41,Heinz,"he does not need to work any more, has enough CASH"
1596795755186835,1:50:57,Andrew Mboweni,now is the time ANC LEADERS will face ANC members as it was quoted by former president Thabo Mbeki there are so many thieves stealing each an everyday
1596795775754924,1:51:18,khoabane mokoena,he was paid. a lot of money just to facilitate lol
1596795846966982,1:52:22,Andrew Mboweni,"we need a new party and a new government ,ANC was given more than enough times to lead us and we were disappointed many times so we need new leadership"
1596795854374723,1:52:31,Abel Matshidiso,"I love this witness he's lying it the way it was, he's got nothing to lose"
1596795861200279,1:52:39,Sekgololo Johannes,The man is consuming water like a fish
1596795861645487,1:52:40,Fortune Mhlanga,This guy is very honest
1596796315841913,1:53:28,Ridwaan Ismail,vote eff
1596796327272013,1:53:41,Ridwaan Ismail,vote eff
1596796390659378,1:54:43,Martin van der Breggen,drinking so much water - will be needing many comfort breaks later
1596796499703055,1:56:33,Isaac Kagiso Khumalo,today no tea and lunch we want to concentrate other cases
1596796501641152,1:56:35,Brian,All part of the delay-plan Martin. Also it's free?
1596796521003778,1:56:53,Ali Mgcina,"ƒ± wanna be a ""Social Facilitator"" when I grow up"
1596796560796519,1:57:34,Phenduka Sibhidla,"R850,00 - R6,50= R843,50...."
1596796571109141,1:57:45,Brian,Ali you should aim a bite higher. There are senior social facilitators
1596796702308110,1:59:56,Derek Govender,"The sad thing about this comm is it's reaching close to a billion rand now in costs.Even if the perpetrators go to ""JAIL"" the billions that have been stolen will not be recovered."
1596797127762372,2:07:01,Phenduka Sibhidla,"300 000 √ó R850,00 = R255 Mil"
1596797317971357,2:10:11,MIKE DURBAN,The Commie ANC can Fool most of the people all of the time ........But not fool some of the people all of the time.......or something like that....heheh
1596797416978640,2:11:50,Andrew Mboweni,you can fool most of the peoples all the times but you cant fool some all the times well said @MIKE DURBAN
1596797579552740,2:14:32,RICHARD PEFFER,"You can fool some of the people some of the time, but you cannot fool all of the people all of the time."
1596797611485762,2:15:04,Mohamed Mia,And stealing continues
1596797641682619,2:15:35,MIKE DURBAN,@RICHARD PEFFER ...spot on.......the other version is for the Commie ANC.......heheh
1596797654252724,2:15:46,Owen Nyilika,Who this guys
1596797666054975,2:15:59,Martin van der Breggen,cracks are showing......
1596797725950481,2:16:59,MIKE DURBAN,Eeeeesh.....they built on a Ganja plantation.......
1596797749518732,2:17:22,Brian,"Martin, you'll only see the cracks if it is over 3mm?"
1596797772111554,2:17:45,Mohamed Mia,Wipe the sweat
1596797776396970,2:17:50,Andrew Mboweni,"can i ask a question what is cyril ramaphosa like from a close look those who worked with him in businesses shanduka,NAIL,macdonalds,mines and SABMILLER was led by norman adami then ,who is this cyril"
1596797840425316,2:18:54,Heinz,+ 13 mm
1596798042817518,2:22:15,Ralph Malph,Scamdemic Fauxvid19
1596798098461050,2:23:12,Ralph Malph,Corona virus fraud
1596798148069080,2:24:01,MIKE DURBAN,"True......it affects the ""money"" area of the brain.......heheh"
1596798167395918,2:24:22,Ralph Malph,You aren't exposing pedophiles or health scams.
1596798230215487,2:25:23,Mohamed Mia,Keep blaming
1596798263680305,2:25:57,Ralph Malph,"This clown is who should use a mask,since he's a pig coughing on the microphone"
1596798317045136,2:26:51,Ralph Malph,Can't cover mouth while coughing on mic with facemask on chin
1596798340522269,2:27:14,MIKE DURBAN,@Ralph Malph ....you start seeing money with little wings floating around......heheh
1596798385924792,2:28:00,MIKE DURBAN,heheheh
1596798429141971,2:28:44,g k,@Ralph Malph some for me please:elbowcough:
1596798508877375,2:30:02,Ralph Malph,@g k Cheers!!
1596798588168258,2:31:22,Naledi Barron,Lunch everyone!
1596798594482223,2:31:28,MIKE DURBAN,@g k ....Heheh.......only the Commie ANC Bra's receive the floating dollars.......
1596798609377965,2:31:42,Ralph Malph,"Look at these fools in their masks,,,,,the yet proven, purified virus is on a nano scale. These virtue signaling tools are miserable and ushers of fascism"
1596798624527604,2:31:57,g k,ü§ô
1596798665452880,2:32:39,Jens Kuhn,this guy is smoking his socks. they should ask a proper architectural professional what an assessment like this would cost!
1596798742755918,2:33:55,Ralph Malph,"Masks make men docile in the face of social injustice, while making men irritable from hypoxia."
1596798791763865,2:34:45,Ralph Malph,and poisoned by excessive co2
1596798847616840,2:35:40,Naledi Barron,@Ralph Malph. In the UK you get dirty looks if you don't mask-up! Such a stifling country!
1596799097411189,2:39:51,Sekgololo Johannes,This witness has integrity
1596799302605793,2:43:16,Refentse Sebothoma,That's true Sekgololo...a man of integrity. We need more of such calibre.
1596800062646010,2:55:56,Mahendra Dabideen,what time are they back
1596801735734401,3:23:49,Moses Sowage,2
1596802381072142,3:34:33,Thabang Mohale,ENCA =EANC
1596802434035771,3:35:28,Thabang Mohale,DA = Demonic Alliance
1596802500396113,3:36:33,HALO,Bring an end to the anc
1596802599936256,3:38:13,Jacqui Baumgardt,Ok let's go
1596802612604982,3:38:26,Jacqui Baumgardt,He's looking nervous
1596802869363203,3:42:43,Mxolisi Mgongoma,"üí£ I can feel it coming in the air for the ""man"" who had R6 hundred thousand debt of liquor"
1596803036368099,3:45:28,mafuta,"agreed Gavin, let the band begin !"
1596803175741115,3:47:49,Val Speirs,ANC = A NATION CAPTURED
1596803380016828,3:51:13,Peet Venter,Hardly started but has to explain himself already.
1596803461417003,3:52:34,Baikagile Tshetlo,Edwin o mo nt≈°eng
1596803521413841,3:53:33,Owen Nyilika,No experience of removing esbestos
1596803592870660,3:54:46,Phenduka Sibhidla,So there were 2 bids?? 1 for audit and 1 for eradication???ü§îü§îü§î
1596803612970061,3:55:05,Phenduka Sibhidla,I am not following...
1596803626863189,3:55:20,Keba Lent,who's the witness
1596803651303912,3:55:44,Owen Nyilika,Mr Sodi
1596803683091763,3:56:17,Ghost Mapetla,WHAT ARE U DOING AS A MIDDLE MAN AND U TAKE THE FAT CUT
1596803692819296,3:56:25,Gray Lawrence,is he the 600000R booze drinker lol
1596803706180404,3:56:38,Val Speirs,Appoint another contractor and he claims a referral fee of R10 million for doing nothing.
1596803722931534,3:56:55,Keba Lent,"@Owen thank u, is he from FS govt"
1596803766240843,3:57:39,Owen Nyilika,OWNER OF BLACKHEALTH CONSULTANT
1596803776007746,3:57:48,Thabo Mokoaleli,It seems Mr. Sodi did not ultimately the subcontractor of the subcontractor who did the actual work ü§∑üôà
1596803779930880,3:57:53,Owen Nyilika,The ONE depo
1596803791208174,3:58:05,Keba Lent,oh I see thank u
1596803800738764,3:58:14,Akhonamandla Gala,"these cheesekop guys of today are crooks which happen not to be that bright, they make Adv Pretorious's job very easy.... (jail time)"
1596803817735735,3:58:31,Owen Nyilika,The one deposit R60000000 to smd in ballito
1596803818078720,3:58:31,Phenduka Sibhidla,so Mr Sodi was the main contractor or subcontractor of a subcontractor???
1596803833915859,3:58:46,Thabo Mokoaleli,It seems Mr. Sodi did not pay the subcontractor of the subcontractor who did the actual work ü§∑üôà
1596803841234192,3:58:54,Baikagile Tshetlo,Blackhead Consulting
1596803851903223,3:59:05,Owen Nyilika,Main contractor
1596803903153445,3:59:55,Owen Nyilika,Taks Tshetlo
1596803907065365,4:00:01,Phenduka Sibhidla,600 000 @ Owen Nyika...
1596803923167344,4:00:17,Mohamed Mia,Because of his buddies in government
1596803974892187,4:01:05,YapYap Dotcom,Wow that timepiece.
1596803975474741,4:01:06,Mohamed Mia,Waffle waffle waffle
1596803976620040,4:01:07,Owen Nyilika,This tender not advertised for all companies to bid
1596804017202490,4:01:50,Baikagile Tshetlo,This thing of consultants doing work they‚Äôre not qualified to do is quite rife. It‚Äôs nothing new
1596804057419780,4:02:30,Mohamed Mia,You are a bs
1596804061536465,4:02:34,Val Speirs,It is a get Rich Quick Scheme to do nothing.
1596804083509234,4:02:55,Peter Lukas,"this crooks got money course they steal from the poor, this bee dont work course it seems Its all buddies getting rich"
1596804093736239,4:03:07,Sekgololo Johannes,The man conceded ...end of story
1596804101637398,4:03:14,HALO,Anc = African national corruption
1596804106170183,4:03:17,Akhonamandla Gala,"this guys accent is annoying me 'you know, you know'"
1596804136845191,4:03:51,Sekgololo Johannes,Misrepresentation on steroids.
1596804151403078,4:04:03,Mohamed Mia,Yes smile you are are crooked
1596804175799762,4:04:29,Samuel Skosana,Africa's National Corruptors
1596804176617299,4:04:30,Thabang Mohale,they got him here
1596804184774544,4:04:37,Dominic Przybylski,"See article in news24 today - ""Nicole Fritz | We have become used to the ANC's cruelty"""
1596804204951846,4:04:59,Ghost Mapetla,THOSE COMPANIES MUST BE FROM MARS
1596804223221505,4:05:15,Akhonamandla Gala,lol this one is admitting just like Mr Zulu
1596804228439378,4:05:21,Mohamed Mia,African national concoction
1596804235688654,4:05:29,Phenduka Sibhidla,Mr Sodi is admitting to falsely bidding for work his company has no competencies in..
1596804236063181,4:05:29,Pedro P.,some much money spent..... arrests none
1596804259821006,4:05:53,Ghost Mapetla,WHICH NEED A THIRD PARTY TO FIND
1596804271425077,4:06:04,HALO,There will be no arrests
1596804282472041,4:06:15,HALO,They all in the same boat
1596804308970708,4:06:42,Mohamed Mia,All flipping corrupt
1596804358880905,4:07:32,Mohamed Mia,Government don‚Äôt have a challenge when it comes to stealing
1596804359466980,4:07:32,Sekgololo Johannes,Corruption is all i smell here.
1596804370969463,4:07:45,Baikagile Tshetlo,3 companies? Hayikhona!
1596804381639874,4:07:54,Sekgololo Johannes,All these PHASE One-PHASE Two are just corruption lingo.
1596804398630096,4:08:11,Mohamed Mia,No absolutely ü§£
1596804401399185,4:08:14,HALO,As long as anc is in charge this country will always have it's public resources stolen.
1596804411974080,4:08:25,Winston Paul,he is looking for excuses
1596804418273905,4:08:29,Sekgololo Johannes,@TheTruthShall SetYouFree u said it
1596804450877699,4:09:04,Ghost Mapetla,WHY IS CORRUPTION CALLED STATE CAPTURE? because there will be no arrest
1596804453090043,4:09:06,lali Naidoo,Why aren't these cronies being charged for false information.
1596804459580380,4:09:13,Winston Paul,crooked to the core
1596804461366666,4:09:15,Sekgololo Johannes,Mr. Sodi is looking for Harry Houdini
1596804466867111,4:09:20,Phenduka Sibhidla,Wed key words= assume & context
1596804473535917,4:09:26,Akhonamandla Gala,come to think of it these guys are Magashules advisors
1596804478430756,4:09:32,Pedro P.,Are the black south Africans enjoying working in countries where doesn't exist B BBEE?
1596804534062466,4:10:28,Sekgololo Johannes,SAPS should now be walking to Mr. Sodi and serving him with an arrest warrant. From his expensive suit he shud sleep later with some Orange overall.
1596804547475248,4:10:41,Thabo Mokoaleli,Ace Magashule footprints are bare for everyone to see üôàü§∑üòÇüòÖ
1596804557310487,4:10:49,Ghost Mapetla,WHY IS CORRUPTION CALLED STATE CAPTURE? because there will be no arrest
1596804570554420,4:11:03,Zakhele Tshabalala,PEDRO P YES WE R HAPPY WHERE WE ARE
1596804574966852,4:11:08,Akhonamandla Gala,lol the word 'azzume' is tje key word of the week
1596804585200707,4:11:19,Thabang Mohale,land was stolen too
1596804601618523,4:11:33,Luthando Xhamlayo,We must admit that we have failed to govern. This is so embarrassing. People talk about WMC when we are actually this selfish as blacks.
1596804618040302,4:11:51,HALO,"Yes, the white farmers land were stolen"
1596804627152533,4:12:00,Pedro P.,Just wait until SA had to pay all the loans. SA will be another ZIM
1596804649695999,4:12:23,Sekgololo Johannes,"""i see that chair""..no more energy now. Concession speech to follow"
1596804672049309,4:12:46,Luthando Xhamlayo,Each person wants to accumulate as much wealth as he can for himself and family. We are not going anywhere as a country
1596804684426956,4:12:57,Inspiration Afri,name a place in the world where caucasians are the natives?
1596804686730961,4:13:00,HALO,How can government allow the seizing of farmland without compensation? CORRUPTION!
1596804700498266,4:13:14,Zakhele Tshabalala,THIS IS WHY ALL PROFFESSIONALS R LEAVING SA BECAUSE OF THIS
1596804715546541,4:13:28,HALO,Caucasians are from Europe
1596804723281130,4:13:36,Sibusiso Cilo,"This guy looks like he's 35, & he gets a contract worth 230 million?"
1596804730789869,4:13:45,Pedro P.,Afri... all Europe
1596804732730880,4:13:47,Zakhele Tshabalala,INCOMPETENT PPL AR OCCUPYING POSITIONS BECAUSE THE HAVE CONNECTIONS
1596804736499106,4:13:49,Phenduka Sibhidla,Blame game...
1596804747815472,4:14:00,Akhonamandla Gala,"they bought nice rolex watches with our tax monies, this one must be arrested tomorrow.... there's no reason whatsoever why he is still with us free people lol"
1596804755869403,4:14:08,Mohamed Mia,Late partner all the stories the lates cannot talk
1596804761702942,4:14:15,Thabo Mokoaleli,He is now taking cover about the late partner üôà
1596804775053226,4:14:28,Inspiration Afri,"historically incorrect, caucasians are not native to europe"
1596804780172318,4:14:32,Sekgololo Johannes,@Thabo Mokoaleli imagine the indignity
1596804783911407,4:14:35,Martin van der Breggen,Another witness in the grave
1596804792027249,4:14:44,HALO,They will answer for their crimes after the body dies and they are in the JUDGEMENT!
1596804806950322,4:15:00,Anwar Syed,@Thabo Mokoaleli The whole country is waiting for Ace Magashule to make his appearance at this commission. Ace the thug must go to jail as per Mr. Mxolisi Dukwana.
1596804811183706,4:15:03,Thembisa Odendaal,blame it on the dead
1596804815089924,4:15:07,Unati Ngobo,you can see this just a lie what this guy is saying
1596804845469513,4:15:37,Mohamed Mia,Easy to pass blame to the dead
1596804867285524,4:16:00,Martin van der Breggen,"Follow up on the partner, who is he and is he dead"
1596804871844485,4:16:05,Zakhele Tshabalala,HOW DO U GET THE CONTRACT TO DO THE JOB IF U CANT DO THE JOB
1596804875909140,4:16:09,Sibusiso Cilo,Guys! being corrupt is actually reasonable. Don't u think?
1596804896437359,4:16:29,lali Naidoo,Assets Forfeiture Unit should be ready to act on this man immediately and get back the millions stolen from taxpayers kitty.
1596804909392661,4:16:41,HALO,Vengeance belongs to The Lord. These criminals will receive the appropriate consequences for their actions.
1596804911728277,4:16:43,Zakhele Tshabalala,THE PPL R GIVEN TENDERS WHERE THEY KNOW NOTHING OF AND THEY OUTSOURCE IT
1596804914572007,4:16:46,Derek Govender,"Rather than discussing what we all know , the question should be WHAT ARE WE GOING TO DO ABOUT IT ???"
1596804917128114,4:16:50,Akhonamandla Gala,"Adv Pretorious is the player of the week for me, the Madala is on fire he is working extra hard"
1596804923660451,4:16:57,Phenduka Sibhidla,partner and yet not party to discussions???
1596804933506278,4:17:07,Dominic Przybylski,Being corrupt is more than reasonable if there is no accountability.
1596804934487106,4:17:08,Inspiration Afri,"""i was never involved"""
1596804940977580,4:17:13,Mohamed Mia,Liquidation is the route
1596804970566312,4:17:43,Martin van der Breggen,Such a big contract and he knows nothing?
1596804975493973,4:17:48,Thabang Mohale,doritos 3d
1596804979158467,4:17:52,Phenduka Sibhidla,It didn't take long for Adv P to crack Mr Sodi
1596804990766893,4:18:03,Dominic Przybylski,The worst people are those who made sure there is no accountability - Zuma and Ramaphosa come to mind.
1596805014770660,4:18:27,Sekgololo Johannes,In RSA if you want BIG Money be INCOMPETENT
1596805016520054,4:18:29,Molefiseng Phora,Only corpse are corrupt in the ANCüò±ü§£
1596805019277112,4:18:32,Thabo Mokoaleli,The is no doubt that Mxolise Dukwana was spot on üëåin all material times. Besides Mxolise knew the shenanigans of Ace.
1596805020322413,4:18:33,HALO,Ramaphosa is Ramapoes
1596805039957777,4:18:52,Mohamed Mia,And belong to cANCer
1596805040756738,4:18:52,Sekgololo Johannes,Ace must account. he was in charge
1596805074166847,4:19:26,Phenduka Sibhidla,The cracks on Mr Sodi's testimony are more than 3mm....üôà
1596805087137751,4:19:40,HALO,cyril ramaPOESa
1596805105036794,4:19:58,Ghost Mapetla,ANC JUST ALLOW US TO ALL STEAL TO EAT EDUCATION WAS NEVER A KEY TO SUCCESS
1596805129971316,4:20:24,Baikagile Tshetlo,Blame Igo Mpambani boss.
1596805151384489,4:20:46,Zakhele Tshabalala,THE LEVEL OF INCOMPETENCE IS REALLY DISGUSTING
1596805164566854,4:20:56,Mohamed Mia,@anwar am is the main guy. They must deal with him
1596805166553729,4:20:58,Zakhele Tshabalala,LOOK AT SAA
1596805185288775,4:21:17,Zakhele Tshabalala,LOOK AT THESE BEEE BOYS
1596805190772956,4:21:23,Phala Makgoropane,I lost faith
1596805216571114,4:21:51,Akhonamandla Gala,"if i was Ramaphosa i would have made an example by putting Ace into jail. A leader need balls, Mbeki had balls to fire Zuma when accused with corruption"
1596805218801288,4:21:53,Jacqui Baumgardt,@Anwar Syed - I totally agree
1596805230497199,4:22:03,Derek Govender,@Ghost tell me Mugabe was the most educated leader in Africa .Now you tell me what happend?? Without COMMON SENSE all the education in the world won't help!!!
1596805232968509,4:22:06,Zakhele Tshabalala,WE NEVER WANTED BEE WE JUST WANTED EQUAL OPPOTURNITIES
1596805237029369,4:22:10,HALO,Whoever votes for anc has no right to complain about corruption because it has been known for too many years that anc is severely corrupted.
1596805262199697,4:22:35,Jacqui Baumgardt,@skeetpetegibbs - not me
1596805279036608,4:22:51,YapYap Dotcom,"The Lord helps those who help themselves, but Christ help you if your caught."
1596805287960944,4:23:00,HALO,Jacob*
1596805289231257,4:23:02,Inspiration Afri,your right education wont help against sanctions
1596805338335398,4:23:51,Zakhele Tshabalala,THE MOST ANNOYING THING THESE BEE BOYS THINK YHEY R INTELEGENT
1596805381077355,4:24:35,HALO,"We know that Jacob Zuma was stealing money, we know this but he isn't in prison. The justice system is corrupted."
1596805384450709,4:24:37,Sekgololo Johannes,Mr. Sodi just admit that you overcharged because that was actually TUNNELLING to Ace
1596805385848911,4:24:38,Luthando Xhamlayo,Akhonamandla Gala President Ramaphosa has no authority to fire Ace Magashule. Ace isn't a cabinet minister. He is the SG elected by the masses of the ANC. It's probably the NEC that could recall him
1596805422165057,4:25:16,Prns Chrmng,Eeeeeerhm.... eeeeeerhm.... errrhm
1596805433767030,4:25:25,Zakhele Tshabalala,RAMAPHOSA CANNOT DO ANYTHING HIS DUCKS R NOT INORDER HIMSELF LOL
1596805447858676,4:25:41,Akhonamandla Gala,"Zakhele say that again, twang doesn't make one intelligent nx"
1596805479912618,4:26:13,Ghost Mapetla,WE NOT FOR BABYLON MY BROTHER
1596805485943986,4:26:19,HALO,"But hey people, majority of the world's governments are corrupt. I mean many people actually believe that airplanes brought down the twin towers..It's mass deception. We must honour The Lord."
1596805487420702,4:26:21,Lawrence Goldstone,This cheese boy is Ali
1596805529938547,4:27:02,HALO,"This world will end and a new world will be born. All of this corrupted society will never last, it's all going to end."
1596805544543130,4:27:18,Zakhele Tshabalala,HAVE U FOUND YOURSELF IN 1 ROOM WITH THESE BEE BOYS ULL REGRET IT
1596805555674835,4:27:29,Akhonamandla Gala,Luthando then the NEC must do it's job because at the end of the day it is Ramaphosas leadership that is going to be blamed
1596805610737795,4:28:24,Sekgololo Johannes,Mr. Sodi was trained in the ANC Crookery and Corruption School
1596805638912228,4:28:52,Makhosini Floyd zwane,It tough for small business when you do not generate constant revenue. how do you pay your labour when you operate 6 month without a project. i am not making excuss simply stating the situation
1596805639914674,4:28:53,HALO,All manner of unholy sinful behaviour and creations will be eradicated. The Lord's will be done on Earth as it is in heaven.
1596805652704897,4:29:06,Makhosini Floyd zwane,faced by Mr Sodi
1596805676409365,4:29:30,Zakhele Tshabalala,THE MOST PAINFUL THING THE ANC DOES IS THEY STEAL FROM THE VERY POOR
1596805702530577,4:29:55,Akhonamandla Gala,@Makhosini are you by any chance related to Mosebenzi Zwane?
1596805715260712,4:30:07,Makhosini Floyd zwane,Is Sodi the ANC or a business
1596805763820579,4:30:57,Makhosini Floyd zwane,"@Akhonamandla Gala Very distant, we just share the surname"
1596805771113507,4:31:04,MIKE DURBAN,@Zakhele Tshabalala ...Very ..very true.....but also the whole of SA......how disgraceful .....and disgusting...
1596805828366290,4:32:01,Makhosini Floyd zwane,Not all ANC are corrupt but the majority of the corrupt causes even the others to be called corrupt
1596805845162848,4:32:17,MIKE DURBAN,@Zakhele Tshabalala ....If you are connected......you can get anything ......
1596805851892926,4:32:25,Zakhele Tshabalala,EH BABA ALL ANC IS CORRUPT
1596805864225428,4:32:37,MIKE DURBAN,From the Commie ANC.......
1596805929597657,4:33:42,Sekgololo Johannes,Blaming the dead man AGAIN?
1596805938643956,4:33:52,lali Naidoo,Charge him for lying and non-disclosure to the Department.
1596805965122997,4:34:19,Zakhele Tshabalala,IF U HAVE 1 ROTTEN APPLE IN THE BAG LATER ALL THE APPLES WILL BE ROTTEN THE WHOLE ANC IS CORRUPT
1596805973675412,4:34:27,Winston Paul,replace the entire cabinet and put in people who can take this beautiful country forward don't look at race there are a lot of people that can do better not the crooked cronies of the anc
1596805973894423,4:34:27,James Ramonye,not only did they steal from the poor .Igo Mampani was gunned down in broad daylight. he was also involved in this project in question
1596805979483311,4:34:32,Dominic Przybylski,Policy of cadre deployment is aimed at state capture. No other explanation I can think of.
1596805987122204,4:34:40,Mncedisi Mthethwa,This guy will sit here in front of the commission and blame everything to the late partner
1596806001198728,4:34:54,MIKE DURBAN,How come the parliament......never stopped the corruption etc etc.........
1596806014379334,4:35:07,Zakhele Tshabalala,LOL OK MAKHOSINI MFWETHU
1596806018952263,4:35:12,Val Speirs,..
1596806032660012,4:35:26,Val Speirs,. ...
1596806035012301,4:35:28,Val Speirs,..
1596806039124561,4:35:32,Val Speirs,...
1596806043257726,4:35:36,Zakhele Tshabalala,MIKE THEY CANT THEY R ALL EATING
1596806045142503,4:35:38,Val Speirs,". . , . .... ...."
1596806048893068,4:35:41,Val Speirs,. ..... .
1596806051482585,4:35:44,Makhosini Floyd zwane,@Winston Paul you need a strong leader to carry the work
1596806063635475,4:35:55,Zakhele Tshabalala,SA IS A BANANA REPUBLIC
1596806071591308,4:36:05,Val Speirs,.. .
1596806080568072,4:36:13,MIKE DURBAN,The answer........Most of them are.......Captured......
1596806084378121,4:36:17,Zakhele Tshabalala,WE WERE NEVER READY FOR FREEDOM
1596806098939775,4:36:31,Val Speirs,.......... .
1596806102762971,4:36:35,Val Speirs,..... . ... .
1596806109125939,4:36:41,Val Speirs,....... . . ...
1596806110196059,4:36:42,Winston Paul,zakhele u are spot on with your contribution
1596806117749644,4:36:51,Sekgololo Johannes,Tenders r just issued...no competition?
1596806119888916,4:36:53,Makhosini Floyd zwane,"@Zakhele Tshabalala we are a very accommodating country,"
1596806119891415,4:36:53,Val Speirs,"..,... .., ... ....."
1596806123546297,4:36:57,jasper dougal,"It‚Äôs a wonder that DCJ Zondo‚Äô hasn‚Äôt given up the will to live , same story , different day , different person"
1596806146094780,4:37:18,Val Speirs,", ? . ...... .. , ... . ..."
1596806151741463,4:37:24,Val Speirs,. .....
1596806160974840,4:37:33,Val Speirs,.... .? ..
1596806163942632,4:37:36,Val Speirs,..
1596806170281708,4:37:43,Val Speirs,.. . .....
1596806179472560,4:37:52,willem vanwijk,wel des is sackes
1596806180792263,4:37:53,Makhosini Floyd zwane,You cannot base conclusion on certain individuals to judge a country
1596806185493284,4:37:58,Andre G,#voetsekANC
1596806187996614,4:38:01,willem vanwijk,des is stopet
1596806207692619,4:38:21,jasper dougal,These people don‚Äôt even lie very well !
1596806208860633,4:38:23,MIKE DURBAN,We have a very very sick government .........will take generations to repair and come right etc...
1596806216770243,4:38:29,Zakhele Tshabalala,IF YOU CAN LOOK CLOSELY THEY ENDED UP STEALING WHERE THEY WERE NOT SUPPOSED TO STEAL
1596806236049145,4:38:49,Zakhele Tshabalala,THE ANC IS OUT OF CONTROL
1596806249762031,4:39:02,Val Speirs,"? . .. .... ...,. , ........ ... .. .? .. .,"
1596806259211147,4:39:12,Makhosini Floyd zwane,@jasper dougal cannot agree more
1596806263043589,4:39:16,Dawid Desmond Booysen,A
1596806269477672,4:39:23,Val Speirs,"... .. . ....? ... .....,. ..,... . . ....,..... , .... .."
1596806269644480,4:39:23,DMF,Indeed Zakhele
1596806276569933,4:39:29,Zakhele Tshabalala,PITY AT THE MOMENT THERE IS NO PARTY THAT WILL FIX THE MESS WE R IN
1596806287891437,4:39:40,Helen Terry,agree
1596806292440030,4:39:44,skeetpetegibbs,If Zondo is the DJP I would hate to see the quality of the judges below him.
1596806300547859,4:39:53,Thabiso Mbhele,the commision MUST protect this guy...otherwise what happened to Mpambane is definitely going go hamp
1596806316171623,4:40:08,jasper dougal,"Would love to know Zondo‚Äôs thoughts when he gets to put his feet up at home , must involve praying and sighing"
1596806336715792,4:40:30,Elwyn Schenk,Val Speirs what‚Äôs with ? ... ?..
1596806341363072,4:40:35,MIKE DURBAN,Please SA....we Don't want Commies/Socialists running our country..........Get rid of the ANC/EFF......seriously.....
1596806365240860,4:40:57,jasper dougal,"You are not a joke to the World , the ANC is !"
1596806384983604,4:41:18,Val Speirs,",.. ., ..,. ..,. ,.. ... .. ..."
1596806388935396,4:41:22,Zakhele Tshabalala,IMAGINE BEING ASKED WHERE U COME FROM .YOU CANT SAY U R A SOUTH AFRICAN AT THE MOMENT
1596806391982351,4:41:26,Helen Terry,we need to stop the bus and start again
1596806399401508,4:41:32,Thabiso Mbhele,what happened to Mpambane is going to happen to him...they are all watching n
1596806406015209,4:41:39,Makhosini Floyd zwane,"look at Zimbabwe in this case, whats is going on in there we thought after the previous president things were going to be better. It is only the people who can bring change"
1596806424415258,4:41:56,Zakhele Tshabalala,MIKE ACTUALY WE NEED TO RESET THE GOVERNMENT
1596806431253655,4:42:05,Helen Terry,totally
1596806443853006,4:42:17,jasper dougal,"ANC does not represent you , they serve only themselves"
1596806449793392,4:42:23,Dominic Przybylski,@Zakhele Tshabalala You assume politicians can solve our problems when it is they who have created them. The solution is to get rid of the politics and for us as individuals to take responsibility.
1596806466069204,4:42:39,MIKE DURBAN,"@Zakhele Tshabalala .......I feel the same way......it's so sad etc..........""Cry My Beloved Country""...."
1596806482580353,4:42:56,Val Speirs,",.. . ..... .... ...,... . ,. ,"
1596806494528357,4:43:09,Zakhele Tshabalala,DOMINIC UR SPOT ON LETS GET RID OF THE POLITICS WHERE DO WE START
1596806508075131,4:43:21,Val Speirs,",......,.,. .. .. . ... . . ..... ... .. .. ... .,."
1596806521762491,4:43:34,jasper dougal,All over the World rich elites are stealing from the poor
1596806541544498,4:43:55,Dominic Przybylski,Reduce the size and scope of government for a start.
1596806545738843,4:43:59,jasper dougal,There will be a reckoning
1596806548044003,4:44:01,skeetpetegibbs,ZONDO REPEATS EVERY PAGE NUMBER. wHAT A BALL ACHE
1596806556742979,4:44:09,Thabang Mohale,evening from Cuba
1596806564125542,4:44:17,Sekgololo Johannes,"South Africa can do with 15 departments, not this massive 35"
1596806567314208,4:44:20,MIKE DURBAN,@jasper dougal ....They also need to be punished......etc
1596806577459767,4:44:30,jasper dougal,Yes
1596806582044196,4:44:35,Dominic Przybylski,Work on helping people to regain their self-esteem.
1596806584914606,4:44:37,Val Speirs,".. ,"
1596806587731119,4:44:40,Zakhele Tshabalala,THIS COVID HAS EXPOSED THE GOVERNMENT
1596806603427380,4:44:56,Elwyn Schenk,Bunch of crooks
1596806605004070,4:44:58,Helen Terry,about time
1596806609696556,4:45:03,L. M,the democratic alliance is rotten to the core in terms of the PPE procurement
1596806626345313,4:45:18,Val Speirs,"....... ..,. .?...... ...... .. .. . ... , ,......, . .. .,.. ..."
1596806628497187,4:45:21,Dominic Przybylski,When people have self-respect they don't allow others to take them for a ride.
1596806633610968,4:45:26,L. M,in the Western Cape
1596806635479282,4:45:28,Zakhele Tshabalala,CORRUPTION IS NOT GETTING WORSE ITS BEING TELEVISED
1596806636064609,4:45:30,Val Speirs,"... ...,.. . .... . ."
1596806644057797,4:45:36,Winston Paul,where is Kate Hoffman
1596806655089403,4:45:47,Val Speirs,"...?...,.. . . .. .,. ...... .. ...."
1596806678176756,4:46:12,Makhosini Floyd zwane,@L. M PPE procurement was worse
1596806695466661,4:46:28,Elwyn Schenk,Kate Hofmeyer should get the job
1596806708710694,4:46:41,Zakhele Tshabalala,SO THIS RAMAPHOSA GUY IS BUSY TAKING LOANS WHOS GONNA PAYBACK THAT MONEY
1596806720057727,4:46:53,MIKE DURBAN,Lets say Capitalism.....is the lessor.....of All the evils.....
1596806737711491,4:47:11,Mzalwane Mzala,ConCourt dismisses Jacob Zuma's appeal in Derek Hanekom defamation judgment
1596806746673812,4:47:19,Dominic Przybylski,"@jasper dougal This corruption is based on soviet style communist rule where ""collective responsibility"" means nobody is accountable."
1596806752294036,4:47:26,Zakhele Tshabalala,THEY R TAKING LOANS FOR SELF ENRICHMENT
1596806774510394,4:47:47,jasper dougal,"After this Commission , then what ? No guarantee that anyone will ever see a Court"
1596806777172992,4:47:51,L. M,@Makhosini Floyd zwane therefore there should be a coupe `d` etat also
1596806785718564,4:47:58,Mohamed Mia,JZ got a leka klap from Goncourt today
1596806808114071,4:48:22,Inspiration Afri,how can it be soviet style when we are in a capitalist arena?
1596806835700128,4:48:49,Zakhele Tshabalala,I PERSONALY DONT RECOGNISE THE CURRENT PRESIDENT AS MY PRESIDENT
1596806862712282,4:49:16,Makhosini Floyd zwane,The rested Mandela once said ''he does not put a lable to the governing model of the ANC'' but now it is clear capitalism
1596806866160599,4:49:20,jasper dougal,You guy‚Äôs deserve so much better
1596806868372759,4:49:23,Dominic Przybylski,@Inspiration Afri In case you didn't notice we are governed by South African Communist Party together with ANC.
1596806877355113,4:49:30,L. M,@Zakhele Tshabalala that is beyond your control
1596806899863692,4:49:52,Angelo Doubel,Look @ his expensive watch‚åö
1596806903350421,4:49:55,MIKE DURBAN,@jasper dougal .....Maybe the commission is just a smoke screen etc......so that the Commie ANC are Appearing to do something about corruption......I don't
1596806919608780,4:50:12,jasper dougal,Exactl
1596806920325440,4:50:13,Makhosini Floyd zwane,I agree with you there Sodi
1596806928449422,4:50:22,Zakhele Tshabalala,LM I AM MY OWNPRESIDENT AT THE MOMENT TILL FURTHER NOTICE
1596806928716172,4:50:22,Winston Paul,Thuli should be the next president
1596806953371077,4:50:46,Nothandi Magodla,Can we not save whatever is left get those who stole into jail and recoup the money then we let the people elect righteous leaders
1596806953774016,4:50:46,franklin sibula,zakhele why don't recognize the President?
1596806956584520,4:50:49,Zakhele Tshabalala,I CANT LET THESE DOM CROOKS LEAD ME
1596806978946102,4:51:12,L. M,@Zakhele Tshabalala you must be nuts
1596806984238343,4:51:17,Inspiration Afri,name one communist programme dished out by them
1596806993063598,4:51:26,Zakhele Tshabalala,LOOK AT THIS GUY TALKING HES TALKING ON RUBBISH HERE AND ZONDO IS LITSENING
1596807008731741,4:51:42,Zakhele Tshabalala,LM LOL
1596807063015475,4:52:35,Zakhele Tshabalala,FRANKLIN BECAUSE HE DOESNT HAVE BACKBONE TO STOP CORRUPTION
1596807064641696,4:52:37,DMF,"Cyril is been controlled by others, so how can one call him ""my president""? He should put his foot down and put the country first before his sick party"
1596807068543264,4:52:42,Bruce Thackwell,this guy's argument is totally logical if there are only 3 licensed Asbestos companies in SA how would he have found one once they got the contract!
1596807080712710,4:52:54,MIKE DURBAN,@Inspiration Afri ....Remember.......The Commie ANC Bra's ...have been brainwashed by.......the Commies.....think about it...
1596807089517075,4:53:03,Monwabisi Gubanca,let us support our garvenment to improve in their mistakes to report the criminal
1596807091115947,4:53:04,L. M,the racist democratic alliance was removed by the people at Nelson Mandela bay municipality
1596807118668954,4:53:32,Inspiration Afri,facts not assumptions
1596807137218847,4:53:49,jasper dougal,"Would love to know Zondo‚Äôs thought right now , I think I would just say to all that sit in that chair ‚Äò Guilty off with your head ‚Äò !"
1596807160396778,4:54:13,Bruce Thackwell,I dont think the DA can be described a being more racist than any one else especially the ANC and EFF
1596807173204158,4:54:25,jasper dougal,Let‚Äôs bring back executions
1596807178354749,4:54:30,Dominic Przybylski,@Inspiration Afri Let me answer your question with one of my own. Name one programme aimed at strengthening a free-market economy.
1596807199447478,4:54:53,Zakhele Tshabalala,IM OUT GUDNYT
1596807208890879,4:55:02,MIKE DURBAN,@Inspiration Afri ...it's a know fact they are guided by Commie/Socialist doctrine/guidelines........it's in da heads Bra...
1596807211107396,4:55:04,Inspiration Afri,free african trade
1596807221129667,4:55:13,L. M,the DA diplay the verwoerdian mentality
1596807226045690,4:55:18,franklin sibula,zakhele never underestimate him
1596807274701911,4:56:06,Zakhele Tshabalala,LOL
1596807282489117,4:56:16,MIKE DURBAN,@L. M ....If you think so.......ne
1596807288222385,4:56:20,L. M,@Zakhele Tshabalala are you in Wuhan? lol
1596807289048708,4:56:21,franklin sibula,really
1596807310631178,4:56:44,jasper dougal,How come Zuma has never been recalled ?
1596807344816138,4:57:17,Zakhele Tshabalala,YES IF HE HAD A BACKBONE HE SHOULD HAVE CALLED ZUMA
1596807347958598,4:57:20,Dominic Przybylski,@Inspiration Afri Nice try but it's all talk and no action. The action is more like increasing tariffs on imported chicken if you want to look at international trade. Now we have to pay 50% more.
1596807351757973,4:57:24,jasper dougal,He should have been summoned to give the rest of his testimony
1596807382216945,4:57:55,Zakhele Tshabalala,BUT BECUSE HES A LOOSE CANON HIMSELF HE CANT DEAL WITH CORRUPTION
1596807412778733,4:58:25,Thobeka Nonsikelelo,lol
1596807428654982,4:58:42,Zakhele Tshabalala,RAMAPHOSA IS A EMPTY VESSEL LOUD NOISE NO ACTION
1596807430437775,4:58:43,jasper dougal,"Now falls back on ‚ÄòI‚Äôm an old man , too I‚Äôll to busy or just plain poisoned"
1596807443066081,4:58:55,Nerisa Poonan,TAX PAYERS WILL SUFFER BECAUSE OF CR'S LOANS.... WHO ELSE WILL PAY OFF THAT MASSIVE DEBT?! THE DEVIL IS REAL
1596807454212286,4:59:08,Inspiration Afri,african trade agreement is not an international trade
1596807454765281,4:59:08,Bruce Thackwell,The beginning of the fall of ZANU today marks the beginning of the end of the ANC and to this corruption time to celebrate
1596807480526203,4:59:33,Zakhele Tshabalala,NERISA MY POINT EXACTLY WHOSE GOING TO PAYBACK
1596807487950729,4:59:40,jasper dougal,The poor
1596807522068963,5:00:15,Dominic Przybylski,@Inspiration Afri Until we are all in one customs union african trade is international trade because excise duties are payable.
1596807529823465,5:00:23,Zakhele Tshabalala,THIS RAMAPHOSA GUY THINK WE R FOOLS
1596807550173210,5:00:43,Zakhele Tshabalala,HES A JOKE
1596807575722732,5:01:08,Inspiration Afri,blame capitalism for that
1596807582613061,5:01:17,L. M,this commission will assit this government in recouping the lost fruits. it will cleanse itself
1596807638875084,5:02:11,Dominic Przybylski,@Inspiration Afri please try to find out what capitalism is - There are plenty of free economics courses.
1596807649631435,5:02:23,Thabang Mohale,i am going into the asbestos industry
1596807675109709,5:02:49,Rox,some of these guys would drive around with R1M in the car.....
1596807697058762,5:03:11,Inspiration Afri,"i live in a capitalist country , dont need extra classes on it"
1596807713333534,5:03:25,Nerisa Poonan,@ZAKELE YES THIS GOVERNMENT IS NOT ONLY A JOKE BUT A DISGRACE TO THE FULLEST DEGREE BUNCH OF CLOWNS IN A CIRCUS AT OUR EXPENSE
1596807728642640,5:03:41,MIKE DURBAN,@Inspiration Afri ......are u not happy then...
1596807751327308,5:04:03,Inspiration Afri,happy about?
1596807798628902,5:04:51,MIKE DURBAN,How about...life and what u have etc etc...
1596807816458643,5:05:10,Dominic Przybylski,"@Inspiration Afri Just because you live in a capitalist country does not mean you understand what it is. Google ""basic economics explained"""
1596807836622922,5:05:28,Zakhele Tshabalala,IM DEFINETLY GOING TO START ASBESTOS REMOVAL COMPANY
1596807851943592,5:05:46,MIKE DURBAN,@Inspiration Afri .....think u confused my Bra...
1596807860708622,5:05:53,Inspiration Afri,how does that correlate with capitalism
1596807890367506,5:06:22,Martin Chauke Bedfordview SA,Why audit what you know? These were public houses. The numbers were known & the roofing structures known.
1596807921101838,5:06:53,Thabang Mohale,communism
1596807976298227,5:07:48,Inspiration Afri,economics is not capitalism
1596807988247864,5:08:01,Zakhele Tshabalala,THERE IS MONEY IN THE ASBESTOS BUSINESS
1596808009250604,5:08:22,fuzile dazana,viva anc viva we will rule this country until cows come home
1596808012302375,5:08:26,Thabang Mohale,yes
1596808023395715,5:08:37,Inspiration Afri,"""yes im sure"""
1596808031768726,5:08:44,Zakhele Tshabalala,OH SORRY THERE IS NO MONEY ANYMORE THEY LOOTED IT ALL
1596808041557182,5:08:54,MIKE DURBAN,@Inspiration Afri ......Let me explain.......When u get an education.....and you WORK hard.......you earn money.....then you can live etc....and perhaps buy nice things...etc
1596808055738716,5:09:08,Zakhele Tshabalala,WENA FUZILE UZOKHALA
1596808089102337,5:09:43,Zakhele Tshabalala,FUZILE DONT COME WITH YOUR ANC MENTALITY HERE
1596808092665492,5:09:46,Ben Fraser,Question. Have all the asbestos roofs in Soweto been replaced. I did electric house installation back in 1972. The roof tops were asbestos.?
1596808096181186,5:09:50,Inspiration Afri,thats not capitalism
1596808153238019,5:10:47,Dominic Przybylski,"@Inspiration Afri Capitalism definition -""an ECONOMIC and political system in which a country's trade and industry are controlled by private owners for profit, rather than by the state"""
1596808153289710,5:10:47,Thabang Mohale,15 august the liquor ban will be lifted
1596808176452631,5:11:09,Mzalwane Mzala,Zakhele you will never live without ANC people in a country where the ANC governs with 57% vote.
1596808182903217,5:11:16,Inspiration Afri,"who is private"""
1596808207023754,5:11:40,Dominic Przybylski,Anybody who is not in government.
1596808225636475,5:11:58,MIKE DURBAN,@Inspiration Afri ......let me explain again etc.....Money rules the world.........it is a fact....that's the way it is........no one can change it......that's it...
1596808262945111,5:12:37,Zakhele Tshabalala,THAT 57% WILL BE2% COME NEXT ELECTION
1596808308169638,5:13:22,Inspiration Afri,money is not capitalism
1596808326223886,5:13:39,Mzalwane Mzala,Where has that ever happened in the world in a space of 5 years?
1596808359185022,5:14:13,Zakhele Tshabalala,MZALWANE THE ANC WILL MAKE HISTORY WATCH THE SPACE
1596808368638421,5:14:20,Dominic Przybylski,@Inspiration Afri At last I can agree with you - money is not capitalism.
1596808385859704,5:14:40,Nerisa Poonan,How far can YOU stretch R350 in a month??? ask yourself that after you buy a bottle of whisky
1596808399787305,5:14:53,Dominic Przybylski,lol
1596808424516563,5:15:17,MIKE DURBAN,@Inspiration Afri ....Ok Bra.......u can think whatever u like .....ok.......free world Bra...
1596808452852256,5:15:46,Mzalwane Mzala,Zakhele I gather that you are not a social scientist and believe that wishes control social outcomes.
1596808462007106,5:15:55,Solutions SA,Anc will rule untill Jesus comes back again...
1596808485319257,5:16:19,Queen K,#FutsekANC South Africans are firing from all cylinders.. we are tired of being abused.. Twitter is on steroid.
1596808490097081,5:16:24,Dominic Przybylski,@Sidney P Jesus already came back but nobody noticed.
1596808518053945,5:16:50,Nerisa Poonan,I was waiting for that #voetsekANC ü§£ü§£ü§£ü§£ü§£
1596808559654563,5:17:31,Solutions SA,@Dominic Go Hollywood... you have great imagination...
1596808566669425,5:17:38,Dominic Przybylski,Other way around - Capitalism can lead to money.
1596808581459865,5:17:55,Queen K,@Nerissa people are gatvol.
1596808581796520,5:17:55,Mzalwane Mzala,@Dominic Przybylski üòÄüòÄ
1596808614065952,5:18:27,MIKE DURBAN,@Dominic Przybylski ....Mmmm.....ok...same difference.....heheh
1596808647385598,5:19:00,Nerisa Poonan,yes I'm with you on this we are way passed gatvol
1596808653814161,5:19:07,Peet Venter,Before accepting why did you not make an arial count to see if it was feasible?
1596808682484239,5:19:36,Mzalwane Mzala,Gatvol is a group in Western Cape
1596808719146303,5:20:11,Nerisa Poonan,@mzalwane ü§£ü§£ü§£ü§£ü§£ü§£
1596808731231995,5:20:23,Dominic Przybylski,What about Google maps
1596808735171191,5:20:29,Queen K,mxm mzalwane
1596808763975253,5:20:56,Mzalwane Mzala,Am I wrong?
1596808796229822,5:21:30,L. M,"at lunch time, the Rand exchange rate is R17,62 aganist the American dollar. R 22,98 against the British pound and R1,51 against the Botswana pula"
1596808802151140,5:21:35,Queen K,kwazi wena mzala
1596808857666544,5:22:31,Mzalwane Mzala,There is a group called Gatvol and it wants to drive other people out of the Western Cape. Are you part of them?
1596808865818692,5:22:39,Annette Ackermann,8
1596808940336711,5:23:52,MIKE DURBAN,@Inspiration Afri ....Capitalism is an socio economic system based on private ownership of resources or capital............Money...Money...Money....
1596808983305700,5:24:36,Derrick Paul,"Sidney, I suppose you support all the looting and corruption?"
1596808983911944,5:24:37,Y,fortnite has cars
1596809128525078,5:27:01,MIKE DURBAN,@Inspiration Afri ......Remember Bra's.....We don't want Commies/Socialists running OUR Country........
1596809376059944,5:31:08,MIKE DURBAN,@Mzalwane Mzala ...Maybe they right.......they wanna get rid of the Commies and Socialists there etc etc
1596809758899976,5:37:31,Henry Chauke,we are about to be Zimbabweans in five years to come # watch this space
1596810025751378,5:42:00,Henry Chauke,imagine you are wanted in zondo commission and still you are part of suspect to PPE AND NO ARREST
1596810231642480,5:45:25,Oreatlile Mosiane,What time will they be resuming ?
1596810882375779,5:56:15,Egee Mattos,the late partner took the blame.
1596810942302957,5:57:14,Baikagile Tshetlo,Playing ignorant and blaming the dead guy
1596811032552646,5:58:46,Egee Mattos,did he already explain about the R600K on booze?
1596811067235409,5:59:20,Joshua Borias,"""HOW DID THE ' PARTNER IN CRIME ' LOSE HIS LIFE??"
1596811151752680,6:00:43,Wilson M,this guy in snitching üòÇ
1596811166200090,6:00:58,Oreatlile Mosiane,He was gunned down@joshua
1596811204950975,6:01:37,Person of interest,Convenient
1596811315440012,6:03:28,Person of interest,Dangerous work this asbestos business...
1596811331729308,6:03:44,Carmen Ray Anderson,indeed
1596811335851250,6:03:48,Joshua Borias,""" @ OREATLILE MOSIANE - THANK U,I C UR EARLIER MESSAGE WAS DELETED ""!!!"
1596811390028098,6:04:43,Person of interest,All caps usually gets deleted
1596812064472077,6:15:56,Makhosini Floyd zwane,Honest
1596812074517464,6:16:07,Eddie Reddy,according to Myburg in his book gangster state this guys partner did no share the last 30 m with this guy. This guy threatned his partner. He was shot dead in his Aston Martin in Santon
1596812125611200,6:16:58,Oreatlile Mosiane,Bentley not Aston Martin
1596812128733488,6:17:00,Tsepang R,I believe it was a Bentley @Eddie Reddy
1596812209291621,6:18:23,Inspiration Afri,deadman tell no tales
1596812215363745,6:18:27,Rox,Is this the guy who paid 600 000?
1596812217057311,6:18:29,Eddie Reddy,thanks for the correction
1596812339816684,6:20:32,Rox,The late dude bought 2million house cash next to N1
1596812345818292,6:20:37,Carmen Ray Anderson,let's hope that the stenographers are doing a better job than the subtitles
1596812390335937,6:21:23,Eddie Reddy,smooth talker
1596812669887459,6:26:03,Quest,these guys with these nice ties and fly English grammar
1596812701353882,6:26:33,Makhosini Floyd zwane,ADV.P got him by...........the bold head
1596812719564544,6:26:52,MIKE DURBAN,Oh........all schooled inside the Commie ANC university.........
1596812769019775,6:27:41,Luna Moose,I agree @Carmen Ray Anderson they should also record in court....hopefully
1596812926826664,6:30:19,Carmen Ray Anderson,yes @knix fergus
1596813033258032,6:32:06,MIKE DURBAN,Looks like all these people belong to the ANC Theft Club.........very Elite club that....you have to have Connections to belong etc etc......
1596813058266645,6:32:31,Ghost Mapetla,INJUSTICE IS BABYLON SYSTEM
1596813099994014,6:33:13,Sal SA,This guy can afford expensive legal counsel and will hire the best if it goes to court.
1596813166525399,6:34:18,MIKE DURBAN,Anf you can't just join the Club.......you gotto have the Right Stuff........
1596813306829461,6:36:39,Eddie Reddy,these guys have a network that goes to NEC of ANC and the main guy AM
1596813310847249,6:36:44,Tum Lin,"@MIKE DURBAN ,Anc Theft Club.Chaiperson is Ace"
1596813335366835,6:37:08,MIKE DURBAN,Heheheheh
1596813374156143,6:37:46,Matlhatsi Daniel Molate,Yes Ace
1596813461305167,6:39:14,Eddie Reddy,Ace and his pals are making it difficult for Ramaposa to make progress
1596813488453599,6:39:40,MIKE DURBAN,Hheheh......They change the chairpersons post every now and again ...to confuse all the normal members etc......
1596813554494895,6:40:47,MIKE DURBAN,"NB....There are also ""Elite Members""......heheh"
1596813617832614,6:41:49,Mike Newlands,Ace and his band of thieves are watching at the moment munching steak sandwiches enjoying imported champagne laughing at this toothless commission as they count their I‚Äôll gotten gains
1596813619407773,6:41:51,Luna Moose,*in
1596813630125998,6:42:02,MIKE DURBAN,Reckon the Commie ANC are masters at brainwashing da peoples...etc etc....
1596813655651232,6:42:28,Tum Lin,"@MIKE DURBAN ,hahhhhaaaa they keep changing chairperson's post'....hahhhhaaaa"
1596813723342328,6:43:35,Solutions SA,Its friday evening and i cant stand serious news on a Friday evening
1596813783942011,6:44:37,Tum Lin,"@Mike Clark ,those guys have no mercy.hey"
1596813790413458,6:44:43,MIKE DURBAN,@Sidney P ...Don't worry Bra...it's Puza time.....cheers.....
1596813848104602,6:45:41,Mohamed Mia,Act very dumb when this wants to
1596813872008254,6:46:05,Eddie Reddy,"they create fear in the masses by stating if DA comes to power, apartheid will return. Therefore inspite the masses get a raw deal they still vote Anc"
1596813891216394,6:46:23,MIKE DURBAN,Castle...or Jack......is just fine...
1596813912608669,6:46:46,MIKE DURBAN,Cheers Bra's...
1596813952281266,6:47:23,Solutions SA,@MIKE DURBAN No You must be arrested... where do you get booze during lockdownüòÇüòÇü§îü§îü§î
1596813972453485,6:47:46,Mohamed Mia,At eddy the masses are uneducated . They get promised all sorts with a R 5 Chinese skipper and a cap
1596813983403938,6:47:56,MIKE DURBAN,And a Mutton Curry Bunny would go down well also.....
1596813995643822,6:48:07,Queen K,@Mike a double on the rocks of jacküòã
1596814033775487,6:48:47,Solutions SA,MIKE DURBAN Pizza Friday for me by the looks of things
1596814045355800,6:48:58,MIKE DURBAN,We have ways and means to beat the ANC system.....hehehehe
1596814066709970,6:49:19,Quest,I see the lockdown has ended in Durban üòÇ
1596814093317814,6:49:46,MIKE DURBAN,@Sidney P ....Oh yes...nothing wrong with that....
1596814094699341,6:49:47,HALO,DA is anc's biggest competition and I think those who realise this make DA to be anti-african i.e pro-aparthied. They think whatever opposes anc must be racist. When will they see the deception..
1596814114591693,6:50:08,Mohamed Mia,This anc must be flipping stupid to believe that the all the lockdown regulations are going to be carried out by all
1596814145902524,6:50:38,Quest,@TheTruthShall SetYouFree are you white?
1596814183304648,6:51:15,HALO,How many empty promises Zuma gave?? So many people wore t shirts with his face on it and yet we find that he is a treacherous thief. Even after Zuma people still support anc...BRAINWASHED!
1596814195157825,6:51:27,Mohamed Mia,This oke acts stupid
1596814204203026,6:51:37,Queen K,@Mike learned from the commies ANC.
1596814216307872,6:51:48,MIKE DURBAN,I say......its a free country........nothing will stop us to do whatever you choose to do.........legally of course...heheheheh
1596814271272995,6:52:42,Mohamed Mia,Pioneerü§£ü§£ü§£
1596814275500458,6:52:48,Solutions SA,@Mike You are breaking the law and yet you criticise Corruption... ü§îü§îüòÇüòÇ
1596814289108229,6:53:01,Quest,everybody wants to be the man until its time to man uo
1596814289444401,6:53:02,joseph maqekeni,mlu
1596814300520737,6:53:13,MIKE DURBAN,We are born free....and we will die free.......true ne
1596814374301337,6:54:26,Solutions SA,MIKE DURBAN Only Covid19 can talk to you and yiu listen. Yiu compromise your Immune system.
1596814375975695,6:54:28,HALO,"Someone here is getting offended. Are you aware that if you try to be a righteous leader there is a high chance you will get killed? Recently a Saudi ""prince"" ordered a hitman squad to kill a guy"
1596814385621511,6:54:38,Derrick Paul,how can you be free if you live in poverty?
1596814389700509,6:54:43,Makhosini Floyd zwane,He knows his work atleast
1596814422801793,6:55:16,MIKE DURBAN,Heheheheh.....we gotta do.....what we gotta do.....heheheh
1596814456168850,6:55:48,Makhosini Floyd zwane,So company with no financial muscle must not get work
1596814457696542,6:55:50,Solutions SA,Cheers guys Im struggling to even follow whats happening with this guy
1596814489319212,6:56:21,Carmen Ray Anderson,boom
1596814510748654,6:56:43,HALO,One righteous person can send out the messages of truth but its all the civilians that have to put in effort.
1596814546460344,6:57:19,Derrick Paul,how can you be free when the constitution says that South Africa belongs to All that live in it... But in a practical sense it isnt so.
1596814585529069,6:57:57,MIKE DURBAN,@Derrick Paul .......We are at least free .....for now.....we are not like China........yet.........
1596814656500125,6:59:09,Makhosini Floyd zwane,Projects comes with risks these lawyers must know that
1596814665191796,6:59:17,HALO,"Alot of people dont see the hardcore nature of many politicians because people are too busy being brainwashed by pop culture media, especially western media, like the usa and uk."
1596814696014513,6:59:49,Derrick Paul,are we really free? Dose race not allow things to some and not to others?
1596814714325656,7:00:06,Aubrey Milford,...Derrick Paul...poverty is in the mind ..get free in the mind and you will be able to make money ask the Somalis
1596814723134371,7:00:15,walter kambowo,so what this man is saying is that its not his problem the state is incompetent
1596814741556584,7:00:35,Sal SA,@Makhosini government can use performance guarantees
1596814798062985,7:01:30,HALO,Fix your priorities
1596814800596298,7:01:33,Derrick Paul,poverty is a real life situation.. its not a fantasy
1596814812428604,7:01:44,HALO,The end of the age is closer than we think
1596814830277953,7:02:03,Oreatlile Mosiane,‚ÄúTake it easy next time with your questions‚Äù üòÇüòÇ
1596814858025505,7:02:31,Makhosini Floyd zwane,In agrement @Sal SA
1596814862367531,7:02:35,Sal SA,When does commission continue?
1596814875599234,7:02:48,HALO,Repent your sins. Love.
1596814891165382,7:03:03,MIKE DURBAN,@Derrick Paul .....True....well at least we can do just about anything without Big Bra coming after you...aka..China...
1596814900710765,7:03:13,Aubrey Milford,yes if you accept and embrace it...but you can be liberated from it if you start with yourself...dont wait fro gov to do things for you....criticism will get you now where
1596814926083477,7:03:38,HALO,I'm trying to make people aware
1596814940502915,7:03:52,Sal SA,@ Makhosini Cool brother
1596814940505284,7:03:52,HALO,But they treat politicians like celebrities and treat celebrities like gods
1596814951147739,7:04:04,HALO,There is only one Lord.
1596814986529627,7:04:39,MIKE DURBAN,@TheTruthShall SetYouFree ....Well said.......it is very true
1596815044301874,7:05:36,HALO,You best recognize the creations of The Lord and recognize the beauty and majesty of The Lord's glory. People are destroying many wonderful creations. So much to learn even for me..
1596815111603318,7:06:44,Sal SA,Does commission restart Monday?
1596815132574637,7:07:05,MIKE DURBAN,Cheers all....
1596815140785487,7:07:13,HALO,Just seek the Lord and seek truth and wisdom. PRAY. And seek The Lord with all your heart. Also stop sinning. The sinful life has been made to look attractive so that people dont receive blessings
1596815254784226,7:09:08,HALO,"You gotta make your own effort though, it's your choice for your life, your journey. I'm just trying to nudge you in the right direction. Love."
1596815612704065,7:15:05,Pastor Frank Miselo,.
